{
    "hex": {
        "black": "000",
        "white": "fff",
        "red": "ff0000",
        "green": "00ff00",
        "blue": "0000ff",
        "yellow": "ffff00",
        "lightblue": "00ffff",
        "purple": "ff00ff",
        "orange": "ffa500",
        "silver": "c0c0c0",
        "darkgray": "a9a9a9",
        "darkgrey": "a9a9a9",
        "gray": "808080",
        "grey": "808080",
        "lightgray": "d3d3d3",
        "lightgrey": "d3d3d3"
    },
    "rgb": {
        "black": [ 0, 0, 0 ],
        "white": [ 255, 255, 255 ],
        "red": [ 255, 0, 0 ],
        "green": [ 0, 255, 0 ],
        "blue": [ 0, 0, 255 ],
        "yellow": [ 255, 255, 0 ],
        "lightblue": [ 0, 255, 255 ],
        "purple": [ 255, 0, 255 ],
        "orange": [ 255, 165, 0 ],
        "silver": [ 192, 192, 192 ],
        "darkgray": [ 169, 169, 169 ],
        "darkgrey": [ 169, 169, 169 ],
        "gray": [ 128, 128, 128 ],
        "grey": [ 128, 128, 128 ],
        "lightgray": [ 211, 211, 211 ],
        "lightgrey": [ 211, 211, 211 ]
    },
    "hsl": {
        "black": [ 0, 0, 0 ],
        "white": [ 0, 0, 100 ],
        "red": [ 0, 100, 50 ],
        "green": [ 120, 100, 50 ],
        "blue": [ 240, 100, 50 ],
        "yellow": [ 60, 100, 50 ]
    },
    "cmyk": {
        "black": [ 0, 0, 0, 100 ],
        "white": [ 0, 0, 0, 0 ],
        "red": [ 0, 100, 100, 0 ]
    },
    "levels": {
        "front": "#cccccc",
        "back": "#000000",
        "exp_front": "#ff0000",
        "exp_back": "#ffffff"
    },
    "black": "#000",
    "white": "#fff",
    "red": "#ff0000",
    "green": "#00ff00",
    "blue": "#0000ff",
    "yellow": "#ffff00",
    "darkyellow": "#d9a914",
    "lightblue": "#00ffff",
    "purple": "#ff00ff",
    "orange": "#ffa500",
    "silver": "#c0c0c0",
    "darkgray": "#a9a9a9",
    "darkgrey": "#a9a9a9",
    "gray": "#808080",
    "grey": "#808080",
    "lightgray": "#d3d3d3",
    "lightgrey": "#d3d3d3",
    "noiceboard": "#c01e1e"
}